I_d,I_q,Psi_d,Psi_q,L_dd,L_dq,L_qd,L_qq
-30.0,-30.0,-0.0030873666473114937,-0.02257655358858946,0.0002722527875678482,-4.242431661462068e-05,-4.2344356389346176e-05,6.959334938657765e-05
-30.0,-25.0,-0.003574287878671269,-0.02182314557246612,0.00030687568681304287,-0.00011903054703650086,-5.9401804678814754e-05,0.00017746360626488857
-30.0,-20.0,-0.0043012430970924545,-0.020745684243133694,0.0003514588189423704,-0.0001774961456846003,-8.804251041317616e-05,0.0002690016797210193
-30.0,-15.0,-0.005381537133713473,-0.018762639674093015,0.00040562912837631963,-0.00024574478519071165,-0.0001221754960353753,0.0005665799388073496
-30.0,-10.0,-0.00672912036995405,-0.014519835975126547,0.00044769574001161244,-0.0002833495304838403,-0.00014182967926512543,0.0011219924686054563
-30.0,-5.0,-0.00791992954338092,-0.0078094235459182475,0.00046325497590143184,-0.00017853902557219285,-8.894590084810776e-05,0.0015228964226417375
-30.0,0.0,-0.00840376838586116,0.0003506926618703846,0.0004625159950932241,2.4616604098998336e-05,2.5599424145552074e-06,0.0016795143235361386
-30.0,5.0,-0.007855652925118197,0.008454762542097006,0.00046100461858718705,0.00018362435568105098,9.152343922726487e-05,0.001503461875223243
-30.0,10.0,-0.0066461014277341135,0.015004458880092856,0.00044273959889775305,0.00028177168731542365,0.00014100425690128821,0.001079544106605628
-30.0,15.0,-0.005331261782787836,0.01900660109393253,0.0003972333189953955,0.00024081557517946712,0.0001192271515378997,0.0005320729961442751
-30.0,20.0,-0.004283627321085713,0.020864023865502884,0.00034728984088045075,0.00017180472835300699,8.491956259278306e-05,0.0002560956371030739
-30.0,25.0,-0.0035739362265267676,0.021903465664191126,0.0003024140442043803,0.00011593448765951802,5.7880281431418956e-05,0.00017169535842214356
-30.0,30.0,-0.0030941320264937025,0.02264146071817357,0.0002687963499946667,4.322960665707884e-05,4.145225120009472e-05,6.883186827933781e-05
-25.0,-30.0,-0.0004242660300293262,-0.022858329732846877,0.0005543989426028728,-1.4716861188196324e-05,-3.009933246421088e-05,6.156206938231259e-05
-25.0,-25.0,-0.000591795719546789,-0.022214056949860953,0.0006190994226170478,-4.113710049888747e-05,-4.231435233335939e-05,0.00014633494442591993
-25.0,-20.0,-0.0008603955094934463,-0.021355073635478762,0.0007149100642866278,-7.210349492264944e-05,-7.31269016383076e-05,0.0002087441496336627
-25.0,-15.0,-0.0013949052905597233,-0.019687822721500187,0.0008341479726426193,-0.00013835688804829981,-0.00013910799774780345,0.0005470489510477292
-25.0,-10.0,-0.002259952007716222,-0.015757848024432357,0.000945318448804799,-0.00022177694103362976,-0.0002224769650441435,0.0011327967600416298
-25.0,-5.0,-0.003260611939845747,-0.00863810711792285,0.00100119785349991,-0.0001558241632806127,-0.00015670562400945594,0.0016429592955869558
-25.0,0.0,-0.0036390835619785843,0.0003733222460872727,0.001029617481114571,1.9762207782076035e-05,2.013463409446363e-06,0.0018975142339799518
-25.0,5.0,-0.003222301236734915,0.009286634696154683,0.000994867842022185,0.00015497107044775408,0.00015421430959503622,0.001618327698630808
-25.0,10.0,-0.0022360463073244326,0.016216081100102277,0.0009313517711232197,0.0002121181135291395,0.00021226283867776957,0.0010668165998663868
-25.0,15.0,-0.0014142200140423178,0.019916821014302616,0.0008223164288281234,0.00013872078214104749,0.00013864393708906407,0.0005119489824661463
-25.0,20.0,-0.0008995686886407633,0.02144899552698478,0.0007023753299677034,6.98332524187781e-05,6.873441437096726e-05,0.00019976763458401237
-25.0,25.0,-0.0006335938008363458,0.022281441165897888,0.0006115805723330028,4.2043265202280184e-05,4.132532040768696e-05,0.00014385243560429756
-25.0,30.0,-0.00046170559346934466,0.02291648039785829,0.0005478571382122645,1.5710797398334486e-05,2.9461128185069284e-05,6.125457011764479e-05
-20.0,-30.0,0.002340475358587978,-0.022864985136224716,0.0005500486756878392,1.3797972939966349e-05,2.665877786624654e-05,6.085217622599216e-05
-20.0,-25.0,0.0024881688433693932,-0.02223555269339093,0.0006082446145931749,3.3068678438685604e-05,3.2542020814611605e-05,0.00014079297810612126
-20.0,-20.0,0.0026623768082442443,-0.021441653061212873,0.0006908929893889342,3.543808312713438e-05,3.503224314841812e-05,0.00018332722637408604
-20.0,-15.0,0.0027735121986654536,-0.020126288939735212,0.0008223469456034607,-2.4041641294092908e-05,-2.487026695204531e-05,0.00048792081086063626
-20.0,-10.0,0.002486494388015329,-0.016586406186688926,0.0009482197148126597,-9.002110499450796e-05,-9.057903339150827e-05,0.0010428022579293042
-20.0,-5.0,0.0019179948523199376,-0.009278606974381359,0.0010574369478177788,-0.00010436102824489828,-0.00010512635633128529,0.001743938008317785
-20.0,0.0,0.0016534389831762263,0.00036934972450469624,0.001078007147334301,1.3932499632228893e-05,-3.204415286872271e-06,0.0020307251437762007
-20.0,5.0,0.001923403930474225,0.009907374872957057,0.0010504552782079064,9.925337175380002e-05,9.919105046926448e-05,0.0017146609549966018
-20.0,10.0,0.002434486210531248,0.016974043792268228,0.000933322665080173,7.56111462189958e-05,7.49327513415248e-05,0.0009660370169836534
-20.0,15.0,0.0026892833977481935,0.020322909209827867,0.0008070421955867167,1.0759692218867214e-05,9.974057314343368e-06,0.0004236980118114234
-20.0,20.0,0.0025692195740538277,0.021529387350692215,0.0006830879643776178,-3.324176524299509e-05,-3.372938133236748e-05,0.00017786198616149523
-20.0,25.0,0.002410381718710073,0.022304799336354496,0.0006031185327035778,-2.9960311097055436e-05,-3.0316033826958987e-05,0.00013837497762964672
-20.0,30.0,0.002276809824819159,0.022925233022958645,0.000545957748236909,-1.2742368472946233e-05,-2.5340152575880185e-05,6.018472207813159e-05
-15.0,-30.0,0.005054128818163616,-0.02260158824225451,0.0005321727634587983,3.862874921220553e-05,7.743631220781708e-05,6.69320124975631e-05
-15.0,-25.0,0.005476514230524868,-0.021909072434630774,0.0005839793279314022,9.746661267679057e-05,9.660781616849012e-05,0.00015473634685915033
-15.0,-20.0,0.0060228308728677155,-0.021043313566316727,0.0006520353141834821,0.00012182670052392645,0.00012094379718348118,0.00019604441038086566
-15.0,-15.0,0.006702365186812407,-0.01980331437949667,0.0007537154056149368,0.0001450632727788923,0.0001447849408905319,0.0003543508887954218
-15.0,-10.0,0.007248362300161715,-0.016580296410514884,0.0009417827049441184,7.778451322636614e-05,7.825678503135878e-05,0.0009497688550989126
-15.0,-5.0,0.007241862314747447,-0.009699774038581282,0.0010689505740892884,-6.161305683847222e-05,-6.305944896831625e-05,0.0017879171498881347
-15.0,0.0,0.007081790096118743,0.0003474371749761874,0.0010862740855384497,8.289645432066938e-06,-6.161014586535464e-06,0.002111814163658474
-15.0,5.0,0.007214907277763631,0.010287723706792207,0.0010620886440810132,5.1193107698675576e-05,5.181914769204235e-05,0.0017495828971188928
-15.0,10.0,0.007145777461731792,0.016910675607184195,0.0009333437065289651,-8.475926134680365e-05,-8.576786960104416e-05,0.0009087205380667112
-15.0,15.0,0.0065626415466801405,0.019953536192377393,0.0007493759512052989,-0.00014597376262389685,-0.00014711467233859374,0.00033105302852310027
-15.0,20.0,0.0059004611048915495,0.021143947526620497,0.0006481038782436925,-0.00011770952774615372,-0.00011825298153793186,0.00019134505400561494
-15.0,25.0,0.005374980389722418,0.021990457095173117,0.0005806938474375488,-9.350172550921561e-05,-9.422413336968027e-05,0.00015227581968585627
-15.0,30.0,0.004970464689565474,0.02267155614880237,0.0005285091332911312,-3.7087277665250925e-05,-7.532532566994049e-05,6.562476247961763e-05
-10.0,-30.0,0.007643627086093476,-0.02209952554926719,0.0005017143519524936,6.054467574029077e-05,0.00012169621843455111,7.767433639927729e-05
-10.0,-25.0,0.008303735532738308,-0.021285101832747077,0.0005460168853182484,0.0001528539208962154,0.0001520937896431695,0.00018445910973138142
-10.0,-20.0,0.009179349613983976,-0.02023966805741383,0.0006152773567047453,0.0002049273263729446,0.00020397787128395543,0.00024346986102609025
-10.0,-15.0,0.010395614321203832,-0.018715418333411154,0.000701099828716567,0.0002734388000482759,0.0002719542684735508,0.00038548087894491197
-10.0,-10.0,0.011735205980662026,-0.015846458427159902,0.0008339958957651523,0.00021714079356322376,0.00021574345535133534,0.000886936625720233
-10.0,-5.0,0.01251844107236931,-0.009825067032291517,0.001014675223583234,3.689522696842594e-05,3.6185283923798575e-05,0.0016785588249297416
-10.0,0.0,0.012477138162931448,0.0003105840011042759,0.0010659536626484699,3.8008044106439477e-06,-8.71774548710125e-06,0.0021542124901310503
-10.0,5.0,0.012448478628894729,0.010330738167281264,0.0010027234740418369,-5.9132495989690687e-05,-5.913669588943085e-05,0.0016164582426894001
-10.0,10.0,0.011596245139604826,0.016143426010443083,0.0008269875234550054,-0.00022676884982025198,-0.0002264200005511918,0.0008461930328483246
-10.0,15.0,0.01024386626933371,0.018867641258586407,0.0006998053046518382,-0.0002691636296417796,-0.00027042625009373624,0.00037173926152597666
-10.0,20.0,0.0090501238845795,0.02034967538167561,0.0006168148056274203,-0.00020347853496923636,-0.00020366947454388958,0.0002405606370605593
-10.0,25.0,0.008187866053516873,0.021379523963749213,0.0005441455722823167,-0.00014938371260434,-0.00014959406015250696,0.00018127191298279076
-10.0,30.0,0.007543708954928961,0.02218072408481374,0.0004990969379214566,-5.9919737584165396e-05,-0.00011989374174582257,7.669751121684514e-05
-5.0,-30.0,0.010058939990150511,-0.021392924533891813,0.00046616649688653583,8.114166729486664e-05,0.00016057015116728305,9.337999356291285e-05
-5.0,-25.0,0.010941049034067448,-0.02038971025481554,0.0005087389936808931,0.00020699954882417174,0.00020605645726801797,0.00023343161321237441
-5.0,-20.0,0.012122012104223135,-0.019037180170459342,0.0005509113942813532,0.0002666187062498332,0.00026583807759909,0.0003132180975862031
-5.0,-15.0,0.013627163456779794,-0.0171736608295573,0.0005851865905382307,0.00033583544356589065,0.0003341813484161107,0.000444146240505821
-5.0,-10.0,0.01541449819601049,-0.014393128412191498,0.0006277195554399987,0.00035686096190711074,0.00035662417664739104,0.0007164489368777866
-5.0,-5.0,0.01679530499160984,-0.009064905188207005,0.0006869858359103429,0.00023593273111375128,0.0002361814267083557,0.0013769967909713667
-5.0,0.0,0.017299781802848645,0.0002559366648880473,0.0007914349320499786,-5.209790475358234e-06,-1.3473712891465066e-05,0.002134339326804939
-5.0,5.0,0.01668242506506511,0.009463460896952325,0.0006900279163544612,-0.0002478377413781602,-0.000248991517357658,0.001344848523943711
-5.0,10.0,0.015259409819301666,0.014635212095033429,0.0006285453802236962,-0.00036077195807406037,-0.000362802053080806,0.0006878645106898509
-5.0,15.0,0.013479978929813376,0.017333529520866982,0.0005876139742809838,-0.0003318574107502475,-0.00033293422567019765,0.00043336798877194587
-5.0,20.0,0.011993098874700622,0.019157143179440804,0.0005522608586167769,-0.0002637898419815382,-0.0002642543061081587,0.00030770277524603504
-5.0,25.0,0.010823984599046314,0.020491260896589304,0.0005101699337038078,-0.00020536446889398002,-0.0002057508172132353,0.00023133252636416536
-5.0,30.0,0.00995245467259336,0.021482599423157705,0.00046502273742333723,-7.963609618083782e-05,-0.0001591161826870482,9.21968168533842e-05
0.0,-30.0,0.01230150359372532,-0.020499683653708276,0.0004287801996757865,9.84636910703472e-05,0.00019387980994156793,0.00011476778787282444
0.0,-25.0,0.013345707803646602,-0.01927027142556026,0.00044999165653153656,0.00023811974558094934,0.00023677182202088066,0.0002853876131589597
0.0,-20.0,0.014655129095057971,-0.01764264755459543,0.0004598843241273383,0.00028667901167147875,0.0002855417701969782,0.0003719458575242968
0.0,-15.0,0.016212568469448824,-0.015482868102536134,0.000451131295831201,0.00033481275004115796,0.00033346076440567916,0.0004998459092498173
0.0,-10.0,0.017975015703643946,-0.012531686861346897,0.00041239210260953754,0.0003650482345971025,0.00036281311271613295,0.0007004074589245985
0.0,-5.0,0.019675171835402093,-0.007864236833919135,0.00040745418706393435,0.00026778447035877403,0.00026560231667712233,0.0012638476912565277
0.0,0.0,0.020427384361564643,0.0001855800403132384,0.0004260992962448645,-1.0927251703144158e-05,-1.3734660591123121e-05,0.0018440076263301095
0.0,5.0,0.019569787467659628,0.00819233552162631,0.0004071357147206547,-0.00028181228054949633,-0.0002815531618567093,0.001247179807258149
0.0,10.0,0.017838446984317042,0.012758050723397658,0.0004144984621668169,-0.00036516671598036256,-0.00036249328268794513,0.000683801979362415
0.0,15.0,0.016082154677920495,0.01564667252906005,0.0004504633885809868,-0.0003330712219356018,-0.00032904874328897364,0.0004908361143675111
0.0,20.0,0.014533967029999359,0.017769635537304925,0.00045647245483939095,-0.0002845192067222775,-0.00028050786244850935,0.0003658114549631923
0.0,25.0,0.013234129035415446,0.019375158350323184,0.0004450119646768351,-0.00023592274995017128,-0.00023214154300339474,0.0002815538412150448
0.0,30.0,0.01219584997883121,0.02059444660549532,0.00042401922218750584,-9.778073009563959e-05,-0.0001905928597858631,0.00011357812020718198
5.0,-30.0,0.014329043997971526,-0.01948307960939929,0.0003796863647840651,0.00010560598936275312,0.00020876050332233238,0.00013304209214495127
5.0,-25.0,0.015423458065683026,-0.018065287348415775,0.0003825098046411235,0.00024413005304188722,0.000242701448320204,0.0003262781849624034
5.0,-20.0,0.016730297037746644,-0.016229052109800725,0.00037171936610818577,0.0002772924740206294,0.00027569306148246585,0.00041222222848439385
5.0,-15.0,0.018177629719156728,-0.013896612166071184,0.0003391923776585852,0.0002990619886298113,0.0002972117473225753,0.0005268940112205968
5.0,-10.0,0.019690603790190088,-0.010871280929105566,0.0002865479401706247,0.00030211239209705187,0.0003000410043079468,0.0006993036214846286
5.0,-5.0,0.021130507968277784,-0.006510015158801784,0.00022438928997343033,0.0002544793225687022,0.00025312589294138304,0.0010972351152067092
5.0,0.0,0.02184078900060166,0.00013174199363382108,0.00019221239376008255,-8.586110935081758e-06,-8.572888950149918e-06,0.0014639936462856377
5.0,5.0,0.021056137980193537,0.006760026125261589,0.00023157895952940032,-0.00026667145304841775,-0.00026730121655517983,0.0010971510845628803
5.0,10.0,0.019583579653558635,0.0110787517445507,0.00029259494482508766,-0.00030388715095218746,-0.0003049313299884762,0.0006869723096846664
5.0,15.0,0.018066844958999243,0.014056726954260705,0.00034400717911826136,-0.0002986370626649265,-0.00030030854932972537,0.0005189008906618651
5.0,20.0,0.016625268415566347,0.016356332155271224,0.00037585712525665824,-0.0002755821853950926,-0.00027728783080173164,0.00040638636972151735
5.0,25.0,0.015327183596875972,0.018169149623142797,0.00038644065128371705,-0.00024274413546315462,-0.00024400609000769868,0.0003226512246055779
5.0,30.0,0.014233338552947556,0.019576872442727565,0.0003855878148085028,-0.00010589628291887492,-0.00021090541405507663,0.00013218025340624087
10.0,-30.0,0.01610310421143373,-0.018432771693566982,0.000330750980267234,0.00010549975516315498,0.00020986695596503837,0.00014673774377396107
10.0,-25.0,0.017179118185079067,-0.01687149460305293,0.0003198622672318881,0.0002335221635712345,0.00023220890206407968,0.0003541203887459066
10.0,-20.0,0.01839264435164738,-0.014914525310784505,0.0002972040551561125,0.0002504816571424378,0.0002490580425622054,0.00043163641160089524
10.0,-15.0,0.019666761298715675,-0.012516711268319113,0.0002630262449737694,0.00025688562440355375,0.00025543599230848195,0.0005320136875919856
10.0,-10.0,0.020939598757154194,-0.009509291385416778,0.00021987678523885311,0.00024933692293359995,0.0002468963815735031,0.0006843660593711731
10.0,-5.0,0.022096402478014036,-0.005396774758912723,0.00016789742331351838,0.00019373641361931736,0.0001931734255970222,0.000972168996137715
10.0,0.0,0.022627260587679172,9.754647702161187e-05,0.00013355209197328185,-6.015344856310478e-06,-5.357607616034522e-06,0.0011712594062085258
10.0,5.0,0.022050806398510023,0.005585738301328033,0.00017170626063824662,-0.00020126172810263043,-0.0002019845036159962,0.0009695097345653902
10.0,10.0,0.020858555468882652,0.009690395717416615,0.00022424901735771153,-0.0002522788351519512,-0.00025307270752995305,0.0006787426448380585
10.0,15.0,0.019578843202998825,0.012660991470122134,0.0002669088889944624,-0.0002570059672308587,-0.00025832588293073797,0.0005257145277405375
10.0,20.0,0.018304817402601644,0.015033225943740779,0.0003006562369488045,-0.00025003893682163796,-0.0002514438873424169,0.0004276905887085887
10.0,25.0,0.017096940972449074,0.016968906440288607,0.00032219253725150403,-0.00023212052488441658,-0.00023357372519686019,0.00035059826544809984
10.0,30.0,0.016026342576084873,0.01851749635977177,0.0003325781295106615,-0.00010416757811840336,-0.00021070536766600286,0.0001457904460472804
15.0,-30.0,0.01763451382086521,-0.017407234025691772,0.00028354631776282655,0.00010133466657666256,0.0001997082561520954,0.0001577830373006927
15.0,-25.0,0.018644372517338564,-0.01575629503860238,0.00026877162709690186,0.00021504194708887045,0.00021309772218439799,0.0003697836973576149
15.0,-20.0,0.019741016246228572,-0.013740986216906672,0.00024545440982699123,0.00022253773759939256,0.00022079369560227104,0.000439166711216715
15.0,-15.0,0.020853850212600642,-0.011333369009558199,0.00021518490205429377,0.00022087257489520509,0.00021892216235965258,0.0005281560656586849
15.0,-10.0,0.021932931841958287,-0.008379681067067211,0.00018025823023393108,0.00020789916557905532,0.00020568866077975615,0.0006646357536757272
15.0,-5.0,0.022849613552938654,-0.004564515048329807,0.00013649396432300446,0.00014411507924625056,0.0001426212642179146,0.0008575980858311544
15.0,0.0,0.02323177643559733,7.308718972729666e-05,0.00011147372388497668,-4.101361137231156e-06,-4.0445644359850104e-06,0.0009670340509106592
15.0,5.0,0.022818179868415656,0.004714286421099316,0.0001386989938760095,-0.00015021801297581655,-0.00015003500330741657,0.0008589187616664416
15.0,10.0,0.021877310133280512,0.008523018983784695,0.00018532434142483388,-0.00021288248524472945,-0.00021420560662005432,0.0006659375001645711
15.0,15.0,0.02078216786219045,0.011462411297976122,0.00021908687670105372,-0.00022231455066914346,-0.00022320188124927984,0.0005239187660589031
15.0,20.0,0.019669360239176096,0.013846621812464785,0.0002477029608233492,-0.00022164535005266665,-0.00022279183049357906,0.0004347700872122873
15.0,25.0,0.018574429017663614,0.015845692103474224,0.00027129533978071605,-0.0002140859509257019,-0.0002153427720422931,0.0003664331364742435
15.0,30.0,0.017569135875672087,0.017483809494606893,0.000287444301908545,-0.00010195684945956951,-0.00020258390245092724,0.00015814991633315303
20.0,-30.0,0.01896044228169069,-0.016438428680244935,0.0002469470851437582,9.445755620987756e-05,0.00018618296089355807,0.00016457960716185512
20.0,-25.0,0.019889161011042194,-0.014738753390103405,0.00023087644512989668,0.00019530974430074607,0.00019340009384940376,0.00037727183459357306
20.0,-20.0,0.02087230828051495,-0.01270256010668894,0.0002092134653314899,0.00019683871490780612,0.00019496597447520012,0.000439459581340392
20.0,-15.0,0.021845337678624406,-0.01031601158302908,0.00018359273134998779,0.00019104153571469437,0.00018947675129618363,0.0005197815786058306
20.0,-10.0,0.022762707324296867,-0.007440758956309838,0.00015323346623032078,0.00017140086903410988,0.00016945786483931957,0.0006359507578902403
20.0,-5.0,0.023482248001184255,-0.003949019191334429,0.00011835240278233484,0.00010794949960020103,0.00010550908894428908,0.0007594968571932617
20.0,0.0,0.023760635031307615,5.71786720403457e-05,0.0001011344156496234,-2.5812960044130748e-06,-2.886394322197909e-06,0.0008252381286743415
20.0,5.0,0.02345972425050003,0.00406658088121032,0.00011967973435444566,-0.0001119481770405276,-0.00011134479415403553,0.0007597307631030504
20.0,10.0,0.022723874212457387,0.00755440313779528,0.00015570268648096576,-0.00017435113581715686,-0.00017483456179843363,0.0006353382267106305
20.0,15.0,0.021790988415806078,0.010424035997788532,0.00018660949187611844,-0.00019287206267357075,-0.00019329460235987167,0.0005169553708816304
20.0,20.0,0.020811331851064804,0.012798251037929064,0.00021102301638771935,-0.00019585025373879873,-0.00019711287328252157,0.0004348931049924707
20.0,25.0,0.019830859998172072,0.014818102774623617,0.00023335078843780168,-0.00019599535052583118,-0.00019607984816227218,0.00037576837944804364
20.0,30.0,0.01890354396460604,0.01650766202816284,0.0002511860976781152,-9.672267324793841e-05,-0.00019014682815794213,0.0001656700603796038
25.0,-30.0,0.020121937202709838,-0.015540700073727962,0.0002184267774040773,8.65256230193314e-05,0.00017224365383650283,0.00016691169608838618
25.0,-25.0,0.020970104085190535,-0.013817768867017098,0.00020297318423125144,0.00017668429516635097,0.0001755660514060182,0.00037993038451738153
25.0,-20.0,0.02185025167215256,-0.011783772795416913,0.0001834255484046788,0.00017451140494578342,0.00017347016741295213,0.0004356733538314416
25.0,-15.0,0.02270401767197207,-0.00943400848929177,0.0001611955237744832,0.0001659548175565024,0.00016470587429201407,0.0005097184740622389
25.0,-10.0,0.02347820191734333,-0.006675854559968696,0.00013400386362546695,0.0001393897013026401,0.00013770047758435042,0.0005952051879452694
25.0,-5.0,0.02404545610435433,-0.003485794895196325,0.00010780733177192744,8.21829576102933e-05,8.202265539644597e-05,0.0006778869703540558
25.0,0.0,0.024253913386226834,4.7500555319401245e-05,9.619658528062545e-05,-1.5664126284244624e-06,-1.3723424311523906e-06,0.0007225123901855803
25.0,5.0,0.024028722545944254,0.003578884949915097,0.00010884271482387472,-8.521269841962783e-05,-8.525904169627274e-05,0.0006795882905810981
25.0,10.0,0.02344957517715422,0.006764420726966047,0.0001358604556787695,-0.00014127990234747174,-0.00014219185792948633,0.000594545596990799
25.0,15.0,0.022664867009676824,0.00951919365847452,0.00016247792470288884,-0.0001670137564715203,-0.000166417407030794,0.000506300087818476
25.0,20.0,0.021803653447473568,0.011862515699439044,0.00018499145492145025,-0.00017503145343912666,-0.00017518648744126652,0.00043375173471109113
25.0,25.0,0.020918281690248383,0.01389026108642083,0.00020665896594724366,-0.00017865622295874065,-0.0001795135449730109,0.0003798505706592858
25.0,30.0,0.02007272919708961,0.01560201214904356,0.00022138268978795682,-8.662024930679275e-05,-0.0001753479526217275,0.0001664254566646384
30.0,-30.0,0.02112425048745447,-0.014738254903056467,0.00010084813596553976,7.757160301905316e-05,8.371424876624344e-05,0.0001646024662873793
30.0,-25.0,0.021898430258606705,-0.01300976992939311,9.152890274483882e-05,0.0001604468771036072,8.060258414201731e-05,0.0003799151054629255
30.0,-20.0,0.022689465793369452,-0.010992473761413818,8.172160376314531e-05,0.00015519580395360668,7.502379030888548e-05,0.0004289677027166871
30.0,-15.0,0.023441316131487103,-0.008693795321109712,7.213012176153568e-05,0.00014268150720665712,6.910265805918094e-05,0.0004899526179765236
30.0,-10.0,0.02409353149197545,-0.006073433561790229,6.137410583662938e-05,0.00011478451894673167,5.842444068313264e-05,0.0005558800870504102
30.0,-5.0,0.024551477320698095,-0.0031333969334115196,5.106704275156268e-05,6.44882077414108e-05,3.472695160062968e-05,0.0006180335878046834
30.0,0.0,0.02471306583575505,3.894700714376215e-05,4.692261291761241e-05,-1.4673107011558213e-06,-1.8580746150880613e-06,0.0006530617874889799
30.0,5.0,0.024538088372021722,0.0032127158811000676,5.115357276954757e-05,-6.691441611607893e-05,-3.371814201320281e-05,0.000616030587252255
30.0,10.0,0.024072178426638554,0.006142509660990249,6.167191708537059e-05,-0.00011541347203272103,-5.874259181994116e-05,0.0005549030767494324
30.0,15.0,0.023411732949526486,0.008762073083460241,7.331886627755013e-05,-0.00014451752711547696,-7.348524810730954e-05,0.0004904057356220653
30.0,20.0,0.022651323529491244,0.011059814920892362,8.341942487488885e-05,-0.00015738089481322212,-7.896612612749091e-05,0.0004299167374309353
30.0,25.0,0.021855988001265335,0.013071626372854955,9.257689173162942e-05,-0.00016207850479934424,-8.15081451371971e-05,0.0003794470312981095
30.0,30.0,0.021078163819206092,0.014796876727547554,9.971695051967393e-05,-8.13173008541368e-05,-8.106448980964896e-05,0.0001698422780417484
