operating_point,i_d_A,i_q_A,psi_d_Vs,psi_q_Vs
0,-8.0,-8.0,0.0253983783043039,-0.0173732912397792
1,-7.11,-8.0,0.027421531979683,-0.0175101952136984
2,-6.22,-8.0,0.0292113547608161,-0.0174268398477565
3,-5.33,-8.0,0.0309603570748677,-0.0173722601788069
4,-4.44,-8.0,0.0327013274022118,-0.0172988830885208
5,-3.56,-8.0,0.0344610124915049,-0.0172113998585337
6,-2.67,-8.0,0.0362203939759824,-0.0171522199834374
7,-1.78,-8.0,0.0379296752978113,-0.0170387484771054
8,-0.89,-8.0,0.0396047134547673,-0.0169566527491529
9,0.0,-8.0,0.0412851098891769,-0.016860949631447
10,-8.0,-6.22,0.0255440815782412,-0.013915617283873
11,-7.11,-6.22,0.0273459742983886,-0.0138476144184641
12,-6.22,-6.22,0.0291363733352146,-0.0137997129930005
13,-5.33,-6.22,0.0309025910524832,-0.0137125499911176
14,-4.44,-6.22,0.0326939809763291,-0.0136586229293043
15,-3.56,-6.22,0.0344574491194487,-0.0136077073165461
16,-2.67,-6.22,0.0362013391017637,-0.0135255780303375
17,-1.78,-6.22,0.0379387045461077,-0.0134490677226656
18,-0.89,-6.22,0.0396501710384913,-0.0133929168049005
19,0.0,-6.22,0.0413404976802369,-0.0132869539256666
20,-8.0,-4.44,0.0254940457122097,-0.0101294916630741
21,-7.11,-4.44,0.0273083886766234,-0.0100914833249988
22,-6.22,-4.44,0.0290859134551365,-0.0100417118162063
23,-5.33,-4.44,0.0309082805084108,-0.0099693098732637
24,-4.44,-4.44,0.0326832729238862,-0.0099325098035639
25,-3.56,-4.44,0.0344364160437731,-0.0098732123746091
26,-2.67,-4.44,0.0362156802714019,-0.0098214489809307
27,-1.78,-4.44,0.0379496184606009,-0.0097767558079243
28,-0.89,-4.44,0.0396593017906829,-0.0097015412035947
29,0.0,-4.44,0.0413807337975655,-0.0096416164297387
30,-8.0,-2.67,0.0254609565600465,-0.0062953612822461
31,-7.11,-2.67,0.0272605888946832,-0.0062230327495757
32,-6.22,-2.67,0.0290760049119313,-0.0061786685129827
33,-5.33,-2.67,0.0308702688573379,-0.0061605907988517
34,-4.44,-2.67,0.0326418514004152,-0.0061199313308778
35,-3.56,-2.67,0.0344332053590627,-0.006069149181791
36,-2.67,-2.67,0.0361939891245633,-0.0060432029980014
37,-1.78,-2.67,0.0379434188697587,-0.0059867686186061
38,-0.89,-2.67,0.0396781797754475,-0.0059412671225418
39,0.0,-2.67,0.0413986965220279,-0.0059275193221397
40,-8.0,-0.89,0.0254182588651444,-0.0023574674562645
41,-7.11,-0.89,0.0272207363562206,-0.0023115610242078
42,-6.22,-0.89,0.029047206601576,-0.0023114548302632
43,-5.33,-0.89,0.0308304233455496,-0.0022782019008803
44,-4.44,-0.89,0.0326276187580777,-0.0022362057029552
45,-3.56,-0.89,0.0344117921760429,-0.0022418172353812
46,-2.67,-0.89,0.0361651275238277,-0.0021986501331535
47,-1.78,-0.89,0.0379299167499972,-0.0021618794361135
48,-0.89,-0.89,0.0396756335492965,-0.0021622931104544
49,0.0,-0.89,0.0413860371621484,-0.0021114196089404
50,-8.0,0.0,0.0253864300154328,-0.0003268997572903
51,-7.11,0.0,0.0272140813451137,-0.0003044659579068
52,-6.22,0.0,0.0290129668563907,-0.0003097338772274
53,-5.33,0.0,0.0308199886675873,-0.0002826386045007
54,-4.44,0.0,0.0326092254258299,-0.0002538104883597
55,-3.56,0.0,0.0343877454735706,-0.000276856140842
56,-2.67,0.0,0.0361507214994069,-0.0002485844587376
57,-1.78,0.0,0.0379056949115331,-0.0002184422013879
58,-0.89,0.0,0.0396635820497811,-0.0002242952802332
59,0.0,0.0,0.0413617842360229,-0.0001986647817133
60,-8.0,0.89,0.0253741136851962,0.0015861489113746
61,-7.11,0.89,0.0271992624627428,0.0015706897134664
62,-6.22,0.89,0.0289821583757279,0.0015927752904316
63,-5.33,0.89,0.0307967905710203,0.0016148284750961
64,-4.44,0.89,0.0325902151099439,0.0016130638082487
65,-3.56,0.89,0.0343690195188894,0.0016366567783844
66,-2.67,0.89,0.0361332490572831,0.0016604308735014
67,-1.78,0.89,0.0378974642090936,0.0016556008448697
68,-0.89,0.89,0.0396443272576501,0.0016748998139349
69,0.0,0.89,0.0413704473237215,0.0016939845448291
70,-8.0,2.67,0.0253407023231594,0.005475458306396
71,-7.11,2.67,0.0271562101841872,0.0054695884237613
72,-6.22,2.67,0.028953258976874,0.0054945417972627
73,-5.33,2.67,0.0307576273614526,0.005480421861352
74,-4.44,2.67,0.0325513528006241,0.0054882436514654
75,-3.56,2.67,0.0343221439152366,0.0054994700923664
76,-2.67,2.67,0.0360954064942287,0.0054847846568968
77,-1.78,2.67,0.0378451760455689,0.0054887467626965
78,-0.89,2.67,0.0395892840112732,0.0054970470471582
79,0.0,2.67,0.0412892912972234,0.0054735433994938
80,-8.0,4.44,0.0252831339921642,0.0093466245255449
81,-7.11,4.44,0.0270977511504193,0.0093289598933835
82,-6.22,4.44,0.0289187742306847,0.0093127767628769
83,-5.33,4.44,0.0306925188248762,0.009330189416019
84,-4.44,4.44,0.0324861412059264,0.0093177366383331
85,-3.56,4.44,0.034266406300255,0.0092865770984151
86,-2.67,4.44,0.0360264349633593,0.0092888911651178
87,-1.78,4.44,0.0377731496217655,0.0092877213030808
88,-0.89,4.44,0.0394982651170439,0.0092229412324941
89,0.0,4.44,0.041208358003378,0.0092118774091017
90,-8.0,6.22,0.0252396082373518,0.0130876426494896
91,-7.11,6.22,0.0270589467729876,0.0130685857126171
92,-6.22,6.22,0.0288335892796106,0.0130688963477993
93,-5.33,6.22,0.0306263777513114,0.0130542846129578
94,-4.44,6.22,0.0324094171354132,0.0130159788594001
95,-3.56,6.22,0.0341738337876542,0.0130177429847864
96,-2.67,6.22,0.0359346882741988,0.0129994956415648
97,-1.78,6.22,0.0376643925207588,0.0129551857790371
98,-0.89,6.22,0.0393792103175889,0.0129349307394468
99,0.0,6.22,0.0410952534514415,0.0128794614852033
100,-8.0,8.0,0.0251944830668067,0.0167373229986385
101,-7.11,8.0,0.0269850198219554,0.0167141125881285
102,-6.22,8.0,0.0287716521864878,0.0167146154876596
103,-5.33,8.0,0.0305636086412474,0.016678894200068
104,-4.44,8.0,0.0323192152255732,0.0166751364645218
105,-3.56,8.0,0.0340859479213385,0.0166361503321978
106,-2.67,8.0,0.0358282119170816,0.0165939085099248
107,-1.78,8.0,0.0375440610001692,0.0165489664933158
108,-0.89,8.0,0.0392662895992177,0.016516533525341
109,0.0,8.0,0.0409383594139222,0.0164307638115272
